class_label,caution_and_advice,displaced_people_and_evacuations,infrastructure_and_utility_damage,missing_or_found_people,requests_or_urgent_needs,rescue_volunteering_or_donation_effort,sympathy_and_support,other_relevant_information,not_humanitarian
caution_and_advice,43,6,12,0,0,1,0,10,2
displaced_people_and_evacuations,11,243,1,1,2,5,2,1,0
infrastructure_and_utility_damage,1,3,157,0,0,1,3,6,5
missing_or_found_people,0,0,0,0,0,0,0,0,0
requests_or_urgent_needs,0,0,0,0,9,2,1,0,2
rescue_volunteering_or_donation_effort,3,23,12,0,8,550,12,29,16
sympathy_and_support,2,2,0,0,0,4,105,0,0
other_relevant_information,28,8,44,1,3,14,15,70,35
not_humanitarian,1,5,2,0,1,0,2,8,36
