class_label,caution_and_advice,displaced_people_and_evacuations,infrastructure_and_utility_damage,injured_or_dead_people,requests_or_urgent_needs,rescue_volunteering_or_donation_effort,sympathy_and_support,other_relevant_information,not_humanitarian
caution_and_advice,269,4,25,1,0,1,2,36,7
displaced_people_and_evacuations,5,54,1,0,0,0,0,0,1
infrastructure_and_utility_damage,5,2,203,2,0,0,1,1,4
injured_or_dead_people,0,0,2,70,0,0,0,0,1
requests_or_urgent_needs,4,0,1,0,7,2,0,1,2
rescue_volunteering_or_donation_effort,4,10,11,2,4,87,7,18,2
sympathy_and_support,30,0,5,2,2,1,259,2,1
other_relevant_information,68,0,51,1,1,1,12,57,27
not_humanitarian,46,2,21,0,3,2,7,15,61
